Generation,Exact_Match,F1_Score,BERTScore_F1,Semantic_Similarity
0,0.2727272727272727,0.10639730639730641,0.0,0.06611570247933884
1,0.18181818181818182,0.03697478991596638,0.0,0.0202729044834308
2,0.18181818181818182,0.08943278943278943,0.0,0.053522062732589054
3,0.18181818181818182,0.08943278943278943,0.0,0.053522062732589054
4,0.18181818181818182,0.0944832944832945,0.0,0.05611946532999164
5,0.18181818181818182,0.08943278943278943,0.0,0.053522062732589054
